title,poster
Spider-Man: No Way Home,https://image.tmdb.org/t/p/original/1g0dhYtq4irTY1GPXvft6k4YLjm.jpg
The Batman,https://image.tmdb.org/t/p/original/74xTEgt7R36Fpooo50r9T25onhq.jpg
No Exit,https://image.tmdb.org/t/p/original/vDHsLnOWKlPGmWs0kGfuhNF4w5l.jpg
Encanto,https://image.tmdb.org/t/p/original/4j0PNHkMr5ax3IA8tjtxcmPU3QT.jpg
The King's Man,https://image.tmdb.org/t/p/original/aq4Pwv5Xeuvj6HZKtxyd23e6bE9.jpg
The Commando,https://image.tmdb.org/t/p/original/pSh8MyYu5CmfyWEHzv8FEARH2zq.jpg
Scream,https://image.tmdb.org/t/p/original/kZNHR1upJKF3eTzdgl5V8s8a4C3.jpg
Kimi,https://image.tmdb.org/t/p/original/okNgwtxIWzGsNlR3GsOS0i0Qgbn.jpg
Fistful of Vengeance,https://image.tmdb.org/t/p/original/3cccEF9QZgV9bLWyupJO41HSrOV.jpg
Eternals,https://image.tmdb.org/t/p/original/zByhtBvX99ZiCQhac1sh9d9r6nb.jpg
Pursuit,https://image.tmdb.org/t/p/original/wYihSXWYqN8Ejsdut2P1P0o97N0.jpg
My Hero Academia: World Heroes' Mission,https://image.tmdb.org/t/p/original/4NUzcKtYPKkfTwKsLjwNt8nRIXV.jpg
Restless,https://image.tmdb.org/t/p/original/aw4GGsRwhQtyLsjzC7dsAahfCDY.jpg
Nightmare Alley,https://image.tmdb.org/t/p/original/680klE0dIreQQOyWKFgNnCAJtws.jpg
The Ice Age Adventures of Buck Wild,https://image.tmdb.org/t/p/original/zzXFM4FKDG7l1ufrAkwQYv2xvnh.jpg
Hotel Transylvania: Transformania,https://image.tmdb.org/t/p/original/teCy1egGQa0y8ULJvlrDHQKnxBL.jpg
Texas Chainsaw Massacre,https://image.tmdb.org/t/p/original/meRIRfADEGVo65xgPO6eZvJ0CRG.jpg
The Requin,https://image.tmdb.org/t/p/original/i0z8g2VRZP3dhVvvSMilbOZMKqR.jpg
Looop Lapeta,https://image.tmdb.org/t/p/original/onGdT8sYi89drvSJyEJnft97rOq.jpg
Red Notice,https://image.tmdb.org/t/p/original/lAXONuqg41NwUMuzMiFvicDET9Y.jpg
Sing 2,https://image.tmdb.org/t/p/original/aWeKITRFbbwY8txG5uCj4rMCfSP.jpg
The Jack in the Box: Awakening,https://image.tmdb.org/t/p/original/3Ib8vlWTrAKRrTWUrTrZPOMW4jp.jpg
Venom: Let There Be Carnage,https://image.tmdb.org/t/p/original/rjkmN1dniUHVYAtwuV3Tji7FsDO.jpg
The Matrix Resurrections,https://image.tmdb.org/t/p/original/8c4a8kE7PizaGQQnditMmI1xbRp.jpg
Resident Evil: Welcome to Raccoon City,https://image.tmdb.org/t/p/original/7uRbWOXxpWDMtnsd2PF3clu65jc.jpg
Last Man Down,https://image.tmdb.org/t/p/original/4B7liCxNCZIZGONmAMkCnxVlZQV.jpg
American Siege,https://image.tmdb.org/t/p/original/daeVrgyj0ue8qb3AHyU3UeCwoZz.jpg
Uncharted,https://image.tmdb.org/t/p/original/sqLowacltbZLoCa4KYye64RvvdQ.jpg
Demon Slayer -Kimetsu no Yaiba- The Movie: Mugen Train,https://image.tmdb.org/t/p/original/h8Rb9gBr48ODIwYUttZNYeMWeUU.jpg
Ghostbusters: Afterlife,https://image.tmdb.org/t/p/original/sg4xJaufDiQl7caFEskBtQXfD4x.jpg
The 355,https://image.tmdb.org/t/p/original/uQt2dJFMnJmAp9zLAWNfGilK0BW.jpg
Shang-Chi and the Legend of the Ten Rings,https://image.tmdb.org/t/p/original/1BIoJGKbXjdFDAqUEiA2VHqkK1Z.jpg
Marry Me,https://image.tmdb.org/t/p/original/ko1JVbGj4bT8IhCWqjBQ6ZtF2t.jpg
The Hunting,https://image.tmdb.org/t/p/original/kvhrltQIRp1u84ao9uj52YPaWNY.jpg
West Side Story,https://image.tmdb.org/t/p/original/yfz3IUoYYSY32tkb97HlUBGFsnh.jpg
Through My Window,https://image.tmdb.org/t/p/original/6gg7fvKc1ZxP9yCczweSxIGYp4S.jpg
The Seven Deadly Sins: Cursed by Light,https://image.tmdb.org/t/p/original/k0ThmZQl5nHe4JefC2bXjqtgYp0.jpg
One Shot,https://image.tmdb.org/t/p/original/3OXiTjU30gWtqxmx4BU9RVp2OTv.jpg
Tom and Jerry: Cowboy Up!,https://image.tmdb.org/t/p/original/muIaHotSaSUQr0KZCIJOYQEe7y2.jpg
Chernobyl: Abyss,https://image.tmdb.org/t/p/original/AmJLuHjxPdIJO6vmymeWADG6jK5.jpg
Desperate Riders,https://image.tmdb.org/t/p/original/7pYYGm1dWZGkbJuhcuaHD6nE6k7.jpg
Clifford the Big Red Dog,https://image.tmdb.org/t/p/original/oifhfVhUcuDjE61V5bS5dfShQrm.jpg
Tyler Perry's A Madea Homecoming,https://image.tmdb.org/t/p/original/vzX5GNRTXsAltdU1tfASmZbzYmv.jpg
The Boss Baby: Family Business,https://image.tmdb.org/t/p/original/kv2Qk9MKFFQo4WQPaYta599HkJP.jpg
Turning Red,https://image.tmdb.org/t/p/original/qsdjk9oAKSQMWs0Vt5Pyfh6O4GZ.jpg
Brazen,https://image.tmdb.org/t/p/original/7e4n1GfC9iky9VQzH3cDQz9wYpO.jpg
The House,https://image.tmdb.org/t/p/original/iZjMFSKCrleKolC1gYcz5Rs8bk1.jpg
Blacklight,https://image.tmdb.org/t/p/original/bv9dy8mnwftdY2j6gG39gCfSFpV.jpg
Ron's Gone Wrong,https://image.tmdb.org/t/p/original/7M0uwPgwvPONdFG0jk8TPK09xJU.jpg
Free Guy,https://image.tmdb.org/t/p/original/xmbU4JTUm8rsdtn7Y3Fcm30GpeT.jpg
Cruella,https://image.tmdb.org/t/p/original/wToO8opxkGwKgSfJ1JK8tGvkG6U.jpg
The Suicide Squad,https://image.tmdb.org/t/p/original/kb4s0ML0iVZlG6wAKbbs9NAm6X.jpg
The Simpsons in Plusaversary,https://image.tmdb.org/t/p/original/p5jzbffrXuBTjsiwrQ3aOMTrvCj.jpg
Forgive Us Our Trespasses,https://image.tmdb.org/t/p/original/4RYZSHM3eaxXAnjbgNiVaqmekL8.jpg
Luca,https://image.tmdb.org/t/p/original/jTswp6KyDYKtvC52GbHagrZbGvD.jpg
Mortal Kombat,https://image.tmdb.org/t/p/original/nkayOAUBUu4mMvyNf9iHSUiPjF1.jpg
Zack Snyder's Justice League,https://image.tmdb.org/t/p/original/tnAuB8q5vv7Ax9UAEje5Xi4BXik.jpg
Mother/Android,https://image.tmdb.org/t/p/original/rO3nV9d1wzHEWsC7xgwxotjZQpM.jpg
Exploits of a Young Don Juan,https://image.tmdb.org/t/p/original/oZvMcGvyTfrFLny6i3RJONQb5C9.jpg
Dune,https://image.tmdb.org/t/p/original/d5NXSklXo0qyIYkgV94XAgMIckC.jpg
The Last Warrior: Root of Evil,https://image.tmdb.org/t/p/original/4qE7mvUYGY5epfcgeJpM6EfHgq5.jpg
The Privilege,https://image.tmdb.org/t/p/original/qBLi3Nd5JMQGMiOmmfuPgLw5SzD.jpg
Queen of Spades,https://image.tmdb.org/t/p/original/4IKBzVBPLXu9p5cfEfdJjHdlafV.jpg
Antlers,https://image.tmdb.org/t/p/original/cMch3tiexw3FdOEeZxMWVel61Xg.jpg
Dangerous,https://image.tmdb.org/t/p/original/vTtkQGC7qKlSRQJZYtAWAmYdH0A.jpg
After We Fell,https://image.tmdb.org/t/p/original/dU4HfnTEJDf9KvxGS9hgO7BVeju.jpg
No Time to Die,https://image.tmdb.org/t/p/original/iUgygt3fscRoKWCV1d0C7FbM9TP.jpg
Sooryavanshi,https://image.tmdb.org/t/p/original/8p3mhjyLjHKtaAv8tFKfvEBtir0.jpg
Finch,https://image.tmdb.org/t/p/original/jKuDyqx7jrjiR9cDzB5pxzhJAdv.jpg
Two,https://image.tmdb.org/t/p/original/5P7QwmoYl70tsRZ8e0VnI9RI1MF.jpg
PAW Patrol: The Movie,https://image.tmdb.org/t/p/original/ic0intvXZSfBlYPIvWXpU1ivUCO.jpg
Avengers: Infinity War,https://image.tmdb.org/t/p/original/7WsyChQLEftFiDOVTGkv3hFpyyt.jpg
Batman,https://image.tmdb.org/t/p/original/jUhGHv4YihieVjhU2TmFaBsZ4Xg.jpg
Black Widow,https://image.tmdb.org/t/p/original/qAZ0pzat24kLdO3o8ejmbLxyOac.jpg
The Wonderful Winter of Mickey Mouse,https://image.tmdb.org/t/p/original/3dspgMFx64kA8BqkGZQK6Hk1sCV.jpg
F9,https://image.tmdb.org/t/p/original/bOFaAXmWWXC3Rbv4u4uM9ZSzRXP.jpg
Moonfall,https://image.tmdb.org/t/p/original/odVv1sqVs0KxBXiA8bhIBlPgalx.jpg
"Sex, Shame and Tears 2",https://image.tmdb.org/t/p/original/2ip2iDBSXfdHeXpR2qETGr5Q76V.jpg
Diary of a Wimpy Kid,https://image.tmdb.org/t/p/original/obg6lWuNaZkoSlwrVG4VVk4SmT.jpg
AI Love You,https://image.tmdb.org/t/p/original/sBiJOvHCSWORnFpc4yItflIkdTi.jpg
Sonic the Hedgehog 2,https://image.tmdb.org/t/p/original/6DrHO1jr3qVrViUO6s6kFiAGM7.jpg
Erax,https://image.tmdb.org/t/p/original/rMp04rYhy4yfOfjZq5F9R3wkeqo.jpg
Deathstroke: Knights & Dragons - The Movie,https://image.tmdb.org/t/p/original/vFIHbiy55smzi50RmF8LQjmpGcx.jpg
The Last Duel,https://image.tmdb.org/t/p/original/zjrJE0fpzPvX8saJXj8VNfcjBoU.jpg
The Pirates: The Last Royal Treasure,https://image.tmdb.org/t/p/original/zAp8FqC4pLfqcsEfuHwQflCWsA5.jpg
Paranormal Activity: Next of Kin,https://image.tmdb.org/t/p/original/bXAVveHiLotZbWdg3PKGhAzxYKP.jpg
House of Gucci,https://image.tmdb.org/t/p/original/vHla3Ej2m53rNmvmYkzvennLrKn.jpg
Dark Spell,https://image.tmdb.org/t/p/original/2AbGdSGlU6CpiV3lswHUgE5CdAA.jpg
Jungle Cruise,https://image.tmdb.org/t/p/original/9dKCd55IuTT5QRs989m9Qlb7d2B.jpg
Godzilla vs. Kong,https://image.tmdb.org/t/p/original/pgqgaUx1cJb5oZQQ5v0tNARCeBp.jpg
The Amazing Spider-Man,https://image.tmdb.org/t/p/original/fSbqPbqXa7ePo8bcnZYN9AHv6zA.jpg
Heart Shot,https://image.tmdb.org/t/p/original/ubaCN0FjWhxiu1uHhI9oXSgalVK.jpg
Avatar,https://image.tmdb.org/t/p/original/jRXYjXNq0Cs2TcJjLkki24MLp7u.jpg
Mobile Suit Gundam Hathaway,https://image.tmdb.org/t/p/original/6gw8onh4FKsruBA7Oouv01EFxzn.jpg
Army of Thieves,https://image.tmdb.org/t/p/original/iPTZGFmPs7HsXHYxiuxGolihjOH.jpg
UFO,https://image.tmdb.org/t/p/original/m7mNjsZKuLpBWYNGSTLmWKOYkvl.jpg
The Weekend Away,https://image.tmdb.org/t/p/original/6MS0QEl7UK2gdFFbHfNwuYlsq4H.jpg
The Croods: A New Age,https://image.tmdb.org/t/p/original/tbVZ3Sq88dZaCANlUcewQuHQOaE.jpg
Back to the Outback,https://image.tmdb.org/t/p/original/zNXNRLH5wJprUG6B1olaBTNZOjy.jpg
The Tomorrow War,https://image.tmdb.org/t/p/original/34nDCQZwaEvsy4CFO5hkGRFDCVU.jpg
Home Team,https://image.tmdb.org/t/p/original/xdPdVJGIQjuVhK7SeK5fpjuc1bu.jpg
The Fallout,https://image.tmdb.org/t/p/original/y94auaBWq1E7sun3ZpvBmQfGUW.jpg
Raya and the Last Dragon,https://image.tmdb.org/t/p/original/lPsD10PP4rgUGiGR4CCXA6iY0QQ.jpg
Infinite,https://image.tmdb.org/t/p/original/niw2AKHz6XmwiRMLWaoyAOAti0G.jpg
Wrath of Man,https://image.tmdb.org/t/p/original/M7SUK85sKjaStg4TKhlAVyGlz3.jpg
Fortress,https://image.tmdb.org/t/p/original/vQxtoPJVfpHgL7DCg9hQFZKDWJa.jpg
Space Jam: A New Legacy,https://image.tmdb.org/t/p/original/5bFK5d3mVTAvBCXi5NPWH0tYjKl.jpg
Laura y el misterio del asesino inesperado,https://image.tmdb.org/t/p/original/p6T9g5a227cUs4rlTlaxo8QAqIf.jpg
The Conjuring: The Devil Made Me Do It,https://image.tmdb.org/t/p/original/xbSuFiJbbBWCkyCCKIMfuDCA4yV.jpg
Batman Begins,https://image.tmdb.org/t/p/original/8RW2runSEc34IwKN2D1aPcJd2UL.jpg
The Royal Treatment,https://image.tmdb.org/t/p/original/mYAv0YUoXJzLxIdEirOken8Quwf.jpg
Ciao Alberto,https://image.tmdb.org/t/p/original/1SyTnaY0wte69oKdqxQLvxPT3hs.jpg
Gone Mom: The Disappearance of Jennifer Dulos,https://image.tmdb.org/t/p/original/mzTNGnLG6LTHmrqrY0IADHDuyOJ.jpg
Ripper Untold,https://image.tmdb.org/t/p/original/4msDckyD51Fx3qzVRHtb3lFHo2c.jpg
Meander,https://image.tmdb.org/t/p/original/2OTIAx8AmwGCaXmq5ohQCyPUjdC.jpg
Zeros and Ones,https://image.tmdb.org/t/p/original/a6balsDWCFMHPaPT6rFoBpNjR6z.jpg
Snake Eyes: G.I. Joe Origins,https://image.tmdb.org/t/p/original/uIXF0sQGXOxQhbaEaKOi2VYlIL0.jpg
Survive the Game,https://image.tmdb.org/t/p/original/xF1uc2pEf34X2G41wvZaF5H0V7C.jpg
Riverdance: The Animated Adventure,https://image.tmdb.org/t/p/original/i6TRDlVuuEXMyLSlIkDd8YhBN0r.jpg
Apex,https://image.tmdb.org/t/p/original/chTkFGToW5bsyw3hgLAe4S5Gt3.jpg
The Tinder Swindler,https://image.tmdb.org/t/p/original/iLUSFjdavIf0SrP7ldoQ1xomQVC.jpg
Love Tactics,https://image.tmdb.org/t/p/original/8RyASTsrKKRnQ9xSGJDuImD8cjX.jpg
The Addams Family 2,https://image.tmdb.org/t/p/original/ld7YB9vBRp1GM1DT3KmFWSmtBPB.jpg
Dynasty Warriors,https://image.tmdb.org/t/p/original/7BCTdek5LFHglcgl7shsm7igJAH.jpg
Miraculous World: Shanghai – The Legend of Ladydragon,https://image.tmdb.org/t/p/original/qQ0VKsGRQ2ofAmswGNzZnvC1xPE.jpg
"Miraculous World: New York, United HeroeZ",https://image.tmdb.org/t/p/original/9YbyvcrHmY2SVbdfXpb8mC4Fy0g.jpg
Surviving Paradise: A Family Tale,https://image.tmdb.org/t/p/original/c7cA49RgpTYgk7Db3XAzb8vExAD.jpg
My Hero Academia: Heroes Rising,https://image.tmdb.org/t/p/original/zGVbrulkupqpbwgiNedkJPyQum4.jpg
Amina,https://image.tmdb.org/t/p/original/hMIQiwLpBfTfe3ZbRlNx4225Mgg.jpg
Encounter,https://image.tmdb.org/t/p/original/tUkY0WxffPZ9PoyC62PIyyUMGnt.jpg
Son,https://image.tmdb.org/t/p/original/4fl6EdtMp6p0RKJgESdFti1J3dC.jpg
Wonder Woman 1984,https://image.tmdb.org/t/p/original/8UlWHLMpgZm9bx6QYh0NFoq67TZ.jpg
The Amazing Spider-Man 2,https://image.tmdb.org/t/p/original/c3e9e18SSlvFd1cQaGmUj5tqL5P.jpg
The Whole Truth,https://image.tmdb.org/t/p/original/bPq6x47nEqMZED5PrKelcWWpezM.jpg
Catwoman: Hunted,https://image.tmdb.org/t/p/original/iu01cvxs3eLQzra3YNF1pbpXIZa.jpg
Hacksaw Ridge,https://image.tmdb.org/t/p/original/fTuxNlgEm04PPFkr1xfK94Jn8BW.jpg
Crazy Fist,https://image.tmdb.org/t/p/original/jVAEVDNdUPRKJ7hJ4zt6lGcLATD.jpg
Harry Potter and the Philosopher's Stone,https://image.tmdb.org/t/p/original/wuMc08IPKEatf9rnMNXvIDxqP4W.jpg
The Avengers,https://image.tmdb.org/t/p/original/RYMX2wcKCBAr24UyPD7xwmjaTn.jpg
Dragon Fury,https://image.tmdb.org/t/p/original/6WcJ4cV2Y3gnTYp5zHu968TYmTJ.jpg
Tarumama,https://image.tmdb.org/t/p/original/iwlmZKndp7fIfHbxVzQtk9zby3A.jpg
Doctor Strange,https://image.tmdb.org/t/p/original/uGBVj3bEbCoZbDjjl9wTxcygko1.jpg
Halloween Kills,https://image.tmdb.org/t/p/original/qmJGd5IfURq8iPQ9KF3les47vFS.jpg
The Exorcism of God,https://image.tmdb.org/t/p/original/pcqo9D8Bdppt6t9fBliJYPROZkv.jpg
Spider-Man: Far From Home,https://image.tmdb.org/t/p/original/4q2NNj4S5dG2RLF9CpXsej7yXl.jpg
Harry Potter 20th Anniversary: Return to Hogwarts,https://image.tmdb.org/t/p/original/jntLBq0MLR3hrwKaTQswxACRPMs.jpg
After We Collided,https://image.tmdb.org/t/p/original/kiX7UYfOpYrMFSAGbI6j1pFkLzQ.jpg
The Desperate Hour,https://image.tmdb.org/t/p/original/u6Pg9eTklhg6Aa7kXaxrfdE1Chi.jpg
Dragon Ball Z: Resurrection 'F',https://image.tmdb.org/t/p/original/soq3AxjALdBfdPAm8H7yuMmNL5Y.jpg
Seal Team,https://image.tmdb.org/t/p/original/yPZ3I27oeSm4zVesgMxXlhW8GDe.jpg
Knowing,https://image.tmdb.org/t/p/original/nO9gTGDNdYnPr9ILKNQmk6EVTVR.jpg
Witch Hunt,https://image.tmdb.org/t/p/original/vHKlIci8f38GaAd361EW0VSx91k.jpg
The Maze Runner,https://image.tmdb.org/t/p/original/ode14q7WtDugFDp78fo9lCsmay9.jpg
The Unholy,https://image.tmdb.org/t/p/original/cFOWiYDQ8Nttmt0K6PU38L48wWK.jpg
Ashfall,https://image.tmdb.org/t/p/original/gCZ0RHifBxZGedde7WPWSgjpyZt.jpg
The Sky Is Everywhere,https://image.tmdb.org/t/p/original/qMVUlq6rdqFo1xZ5ozQcKFCDbgj.jpg
Time Is Up,https://image.tmdb.org/t/p/original/dxWHyMY4HoXH8LiEhYlga2OtK5B.jpg
The Deep House,https://image.tmdb.org/t/p/original/5xhAPxRr64oQPEFnUOrttuI4ZEU.jpg
Boruto: Naruto the Movie,https://image.tmdb.org/t/p/original/1k6iwC4KaPvTBt1JuaqXy3noZRY.jpg
Harry Potter and the Chamber of Secrets,https://image.tmdb.org/t/p/original/sdEOH0992YZ0QSxgXNIGLq1ToUi.jpg
Sonic the Hedgehog,https://image.tmdb.org/t/p/original/aQvJ5WPzZgYVDrxLX4R6cLJCEaQ.jpg
Coco,https://image.tmdb.org/t/p/original/gGEsBPAijhVUFoiNpgZXqRVWJt2.jpg
Ava,https://image.tmdb.org/t/p/original/cUI1PFsrQVJR3IZOpkfsOOOUhTO.jpg
Fury,https://image.tmdb.org/t/p/original/pfte7wdMobMF4CVHuOxyu6oqeeA.jpg
Don't Breathe 2,https://image.tmdb.org/t/p/original/r7HEBkkRN93d3eFBZgPJfRaob5p.jpg
Matando Cabos 2: La Máscara del Máscara,https://image.tmdb.org/t/p/original/vu3CfSqxNzmnSU8SrWLDTHzspk9.jpg
Monster Hunter,https://image.tmdb.org/t/p/original/1UCOF11QCw8kcqvce8LKOO6pimh.jpg
The Last: Naruto the Movie,https://image.tmdb.org/t/p/original/bAQ8O5Uw6FedtlCbJTutenzPVKd.jpg
Spider-Man: Homecoming,https://image.tmdb.org/t/p/original/c24sv2weTHPsmDa7jEMN0m2P3RT.jpg
Bigbug,https://image.tmdb.org/t/p/original/73Eh5dm6O604kgYY69oQVOeSOvZ.jpg
Spider-Man,https://image.tmdb.org/t/p/original/gh4cZbhZxyTbgxQPxD0dOudNPTn.jpg
Avengers: Endgame,https://image.tmdb.org/t/p/original/or06FN3Dka5tukK1e9sl16pB3iy.jpg
Old,https://image.tmdb.org/t/p/original/vclShucpUmPhdAOmKgf3B3Z4POD.jpg
Real Steel,https://image.tmdb.org/t/p/original/4GIeI5K5YdDUkR3mNQBoScpSFEf.jpg
Love and Leashes,https://image.tmdb.org/t/p/original/yQgGYiHUoDYeA4TbYlghpA5lmKH.jpg
After,https://image.tmdb.org/t/p/original/u3B2YKUjWABcxXZ6Nm9h10hLUbh.jpg
The Forever Purge,https://image.tmdb.org/t/p/original/lB068qa6bQ0QKYKyC2xnYGvYjl7.jpg
Tall Girl 2,https://image.tmdb.org/t/p/original/eyKkLdst2vFRjCC89C3NqGCLpNE.jpg
Dog,https://image.tmdb.org/t/p/original/pb8rHkAyojBYtMe5fnSvFMCPc3D.jpg
I Am Legend,https://image.tmdb.org/t/p/original/iPDkaSdKk2jRLTM65UOEoKtsIZ8.jpg
Naruto Shippuden the Movie,https://image.tmdb.org/t/p/original/vDkct38sSFSWJIATlfJw0l3QOIR.jpg
Tom & Jerry,https://image.tmdb.org/t/p/original/8XZI9QZ7Pm3fVkigWJPbrXCMzjq.jpg
Against the Ice,https://image.tmdb.org/t/p/original/6FSGYvPEhIx3ThOikGqHmKxeyNN.jpg
An Egg Rescue,https://image.tmdb.org/t/p/original/ewrIYKTLaqerwznGzNhmqr0huTs.jpg
Harry Potter and the Goblet of Fire,https://image.tmdb.org/t/p/original/fECBtHlr0RB3foNHDiCBXeg9Bv9.jpg
Pretty Guardian Sailor Moon Eternal The Movie Part 2,https://image.tmdb.org/t/p/original/f91rtk8dODezNLT3grQrELyzFwA.jpg
Demonic,https://image.tmdb.org/t/p/original/pUK9duiCK1PKqWA5rRQ4XBMHITH.jpg
Far From the Tree,https://image.tmdb.org/t/p/original/39oaQUS0KxyXL6KYJ2o2u03PpHz.jpg
Black Water: Abyss,https://image.tmdb.org/t/p/original/pmAv14TPE2vKMIRrVeCd1Ll7K94.jpg
"Yes, No, or Maybe Half?",https://image.tmdb.org/t/p/original/sH8xCXLEbihNNVDbewddzkYnNPF.jpg
The SpongeBob Movie: Sponge on the Run,https://image.tmdb.org/t/p/original/jlJ8nDhMhCYJuzOw3f52CP1W8MW.jpg
Spider-Man: Into the Spider-Verse,https://image.tmdb.org/t/p/original/iiZZdoQBEYBv6id8su7ImL0oCbD.jpg
Harry Potter and the Prisoner of Azkaban,https://image.tmdb.org/t/p/original/aWxwnYoe8p2d2fcxOqtvAtJ72Rw.jpg
The Vault,https://image.tmdb.org/t/p/original/kWhXubAiIcHW0xn5GThflqaKZqh.jpg
The Adam Project,https://image.tmdb.org/t/p/original/sI3hQMTyrF9F8jU1qA8qPHLKCgG.jpg
Deadpool,https://image.tmdb.org/t/p/original/3E53WEZJqP6aM84D8CckXx4pIHw.jpg
The Harder They Fall,https://image.tmdb.org/t/p/original/su9WzL7lwUZPhjH6eZByAYFx2US.jpg
"Monsters, Inc.",https://image.tmdb.org/t/p/original/sgheSKxZkttIe8ONsf2sWXPgip3.jpg
Ainbo: Spirit of the Amazon,https://image.tmdb.org/t/p/original/l8HyObVj8fPrzacAPtGWWLDhcfh.jpg
Don't Look Up,https://image.tmdb.org/t/p/original/th4E1yqsE8DGpAseLiUrI60Hf8V.jpg
Cars 3,https://image.tmdb.org/t/p/original/fyy1nDC8wm553FCiBDojkJmKLCs.jpg
Spider-Man 3,https://image.tmdb.org/t/p/original/qFmwhVUoUSXjkKRmca5yGDEXBIj.jpg
Last Shoot Out,https://image.tmdb.org/t/p/original/pvEtPxotI3POlVPvNxgrHJuDXfe.jpg
Sator,https://image.tmdb.org/t/p/original/p0OgWKpcRYboZOmuozorfvQt0qL.jpg
Iron Man 2,https://image.tmdb.org/t/p/original/6WBeq4fCfn7AN0o21W9qNcRF2l9.jpg
Soul,https://image.tmdb.org/t/p/original/hm58Jw4Lw8OIeECIq5qyPYhAeRJ.jpg
Pirates of the Caribbean: On Stranger Tides,https://image.tmdb.org/t/p/original/keGfSvCmYj7CvdRx36OdVrAEibE.jpg
Phobias,https://image.tmdb.org/t/p/original/zpecci4IooFiwMVGknhm8Jz2FHo.jpg
A Quiet Place Part II,https://image.tmdb.org/t/p/original/4q2hz2m8hubgvijz8Ez0T2Os2Yv.jpg
What the Peeper Saw,https://image.tmdb.org/t/p/original/nlPRui4dWzg33YehRrUojxFJUFk.jpg
Fast & Furious 10,https://image.tmdb.org/t/p/original/2DyEk84XnbJEdPlGF43crxfdtHH.jpg
The Dark Knight Rises,https://image.tmdb.org/t/p/original/85cWkCVftiVs0BVey6pxX8uNmLt.jpg
Trolls Holiday in Harmony,https://image.tmdb.org/t/p/original/z5ge6Cr8lnElNIYU7fn2WoMg7SD.jpg
Batman v Superman: Dawn of Justice,https://image.tmdb.org/t/p/original/5UsK3grJvtQrtzEgqNlDljJW96w.jpg
Motherly,https://image.tmdb.org/t/p/original/wmh1likQEetSLIUs5MAvfWjEayY.jpg
Nobody,https://image.tmdb.org/t/p/original/oBgWY00bEFeZ9N25wWVyuQddbAo.jpg
My Hero Academia: Two Heroes,https://image.tmdb.org/t/p/original/hC4nTxdhXqFWzgqynGvvXVMiMNp.jpg
Harry Potter and the Half-Blood Prince,https://image.tmdb.org/t/p/original/o2j49x3HYJC2VH689rYxmswtSgS.jpg
Book of Love,https://image.tmdb.org/t/p/original/aU4cUkmn8CqnBYlYgE2sHlZ2AGy.jpg
Jurassic Hunt,https://image.tmdb.org/t/p/original/bZnOioDq1ldaxKfUoj3DenHU7mp.jpg
American Underdog,https://image.tmdb.org/t/p/original/u3iXpvLPG4DbmuNY9yPjn1Ei54.jpg
The Dark Knight,https://image.tmdb.org/t/p/original/qJ2tW6WMUDux911r6m7haRef0WH.jpg
Jujutsu Kaisen 0,https://image.tmdb.org/t/p/original/3pTwMUEavTzVOh6yLN0aEwR7uSy.jpg
Ava,https://image.tmdb.org/t/p/original/qzA87Wf4jo1h8JMk9GilyIYvwsA.jpg
Three Steps Above Heaven,https://image.tmdb.org/t/p/original/fcFz2xEZodKOxHDn9DazxPYHDSc.jpg
Sinkhole,https://image.tmdb.org/t/p/original/alBxLvZ5LkDRJPw4TX1PgkWLE8a.jpg
Undisputed III: Redemption,https://image.tmdb.org/t/p/original/g8KB77SPA7SyU8eid6TAEpt9skU.jpg
Toy Story,https://image.tmdb.org/t/p/original/uXDfjJbdP4ijW5hWSBrPrlKpxab.jpg
Roald Dahl's The Witches,https://image.tmdb.org/t/p/original/ht6EfsM5hrsUPSR4ReJQFDVU71F.jpg
El Paseo 6,https://image.tmdb.org/t/p/original/f1nHNgR6tQFw2aGe2FXKCOffLjI.jpg
Separation,https://image.tmdb.org/t/p/original/lHbSC2Np17CRsRXIbaE0YY1Hora.jpg
Dragon Ball Super: Super Hero,https://image.tmdb.org/t/p/original/wFYXVMKWLAoazjWTBNQ4IiQSKJg.jpg
After Ever Happy,https://image.tmdb.org/t/p/original/vWLyXOFm1C3gnS8ksfqi7gwkijn.jpg
Brothers,https://image.tmdb.org/t/p/original/ySXRgHCdelVtvUyHcKGpiQKb052.jpg
Shrek,https://image.tmdb.org/t/p/original/iB64vpL3dIObOtMZgX3RqdVdQDc.jpg
Jackass Forever,https://image.tmdb.org/t/p/original/ruHDFumJfW7F2vEqTZEQQ9xT7CA.jpg
Big Hero 6,https://image.tmdb.org/t/p/original/2mxS4wUimwlLmI1xp6QW6NSU361.jpg
Monster Pets: A Hotel Transylvania Short,https://image.tmdb.org/t/p/original/tuzkEyCPwf5O56fDjGNerIA8hxT.jpg
Off Course,https://image.tmdb.org/t/p/original/mhZWzcIvU5ind2q56qDDoDwKZv1.jpg
The Hobbit: The Battle of the Five Armies,https://image.tmdb.org/t/p/original/xT98tLqatZPQApyRmlPL12LtiWp.jpg
Major Grom: Plague Doctor,https://image.tmdb.org/t/p/original/wnesEmcq7xdw1Rm1Bn6XEFTkenR.jpg
Monster Family 2,https://image.tmdb.org/t/p/original/ypT4MsOuJrrFtlGShj3DrllIHN3.jpg
Gunpowder Milkshake,https://image.tmdb.org/t/p/original/5AaKulwpUtkscAokKWtLenGTfVS.jpg
Beautiful Sisters: Flesh Slave,https://image.tmdb.org/t/p/original/6CYAEAbXE6y3wpj1oExL0f3WNq.jpg
Narco Sub,https://image.tmdb.org/t/p/original/7p0O4mKYLIhU2E5Zcq9Z3vOZ4e9.jpg
Harry Potter and the Order of the Phoenix,https://image.tmdb.org/t/p/original/tRoHysNFsXC2r0JiBL6iNHELut7.jpg
Legend,https://image.tmdb.org/t/p/original/4shf5Alq4KWCKqrAAQe0JGJHYp5.jpg
Straight Outta Nowhere: Scooby-Doo! Meets Courage the Cowardly Dog,https://image.tmdb.org/t/p/original/uIdMpWrQ30SHPINsy7LcPFloyvO.jpg
Descendants: The Royal Wedding,https://image.tmdb.org/t/p/original/tK5xU4x7w9npLUYT5xZJ4RvVlsM.jpg
Frozen II,https://image.tmdb.org/t/p/original/mINJaa34MtknCYl5AjtNJzWj8cD.jpg
Swim,https://image.tmdb.org/t/p/original/pBSqH6avxduNAnXhyIkcAfcUMJ0.jpg
Mutation on Mars,https://image.tmdb.org/t/p/original/h4HcBZC8XMuSFBNxWu7qd34tFDI.jpg
Zone 414,https://image.tmdb.org/t/p/original/bJIq2UwwrrVP033Mk3G5paUwYnp.jpg
Harry Potter and the Deathly Hallows: Part 2,https://image.tmdb.org/t/p/original/da22ZBmrDOXOCDRvr8Gic8ldhv4.jpg
Avengers: Age of Ultron,https://image.tmdb.org/t/p/original/4ssDuvEDkSArWEdyBl2X5EHvYKU.jpg
Thor: Ragnarok,https://image.tmdb.org/t/p/original/rzRwTcFvttcN1ZpX2xv4j3tSdJu.jpg
It Chapter Two,https://image.tmdb.org/t/p/original/zfE0R94v1E8cuKAerbskfD3VfUt.jpg
The Lion King,https://image.tmdb.org/t/p/original/sKCr78MXSLixwmZ8DyJLrpMsd15.jpg
King Richard,https://image.tmdb.org/t/p/original/2dfujXrxePtYJPiPHj1HkAFQvpu.jpg
Last Night in Soho,https://image.tmdb.org/t/p/original/9BzKsxBZNlqyGSpvPFqK9kTJSPV.jpg
Batman Returns,https://image.tmdb.org/t/p/original/mnihMYFydSUDm5LMnavkaaZqYKp.jpg
The Twilight Saga: Eclipse,https://image.tmdb.org/t/p/original/3mFM80dPzSqoXXuC2UMvLIRWX32.jpg
Wild Indian,https://image.tmdb.org/t/p/original/yhOpkNvgW1ZzmEpR4iqxKwKKShL.jpg
Project X,https://image.tmdb.org/t/p/original/lUPDGT3lyRrq8SvWuNWG2DP64bR.jpg
The Protégé,https://image.tmdb.org/t/p/original/o9FY8N5c8CXf22q8s4CmRRjAQJx.jpg
Ida Red,https://image.tmdb.org/t/p/original/etMxKseW67499tUJonLNHXTF538.jpg
The Haunting of Helena,https://image.tmdb.org/t/p/original/iB8rf8FYHGlrbmLybCo6Mpg8hNt.jpg
Vanguard,https://image.tmdb.org/t/p/original/mKvw1Ic9enfFlCPBNJGiejRPMUO.jpg
Pirates of the Caribbean: The Curse of the Black Pearl,https://image.tmdb.org/t/p/original/z8onk7LV9Mmw6zKz4hT6pzzvmvl.jpg
"The Simpsons: The Good, the Bart, and the Loki",https://image.tmdb.org/t/p/original/rtMdtzywcAGOrF6t8fbxJBqpdcq.jpg
The Marksman,https://image.tmdb.org/t/p/original/6vcDalR50RWa309vBH1NLmG2rjQ.jpg
Vicky and Her Mystery,https://image.tmdb.org/t/p/original/u6fBXfWU7jaG0zWYiOvh1myEQC.jpg
KonoSuba: God's Blessing on this Wonderful World! Legend of Crimson,https://image.tmdb.org/t/p/original/j73LuQcA21KvkVFcroWWMN8tTJv.jpg
7 Prisoners,https://image.tmdb.org/t/p/original/5svMKCGnR6Yvj8wxldvDvgUi0Jk.jpg
11M,https://image.tmdb.org/t/p/original/3yEVCvU9EDEmuM7KcqXxB6eY5E2.jpg
Seobok: Project Clone,https://image.tmdb.org/t/p/original/nxxuWC32Y6TULj4VnVwMPUFLIpK.jpg
Shrek 2,https://image.tmdb.org/t/p/original/2yYP0PQjG8zVqturh1BAqu2Tixl.jpg
Percy Jackson & the Olympians: The Lightning Thief,https://image.tmdb.org/t/p/original/vayx5t1cYCpBGV9ylTGn0Sr9rA2.jpg
Your Name.,https://image.tmdb.org/t/p/original/q719jXXEzOoYaps6babgKnONONX.jpg
Chief Daddy 2: Going for Broke,https://image.tmdb.org/t/p/original/mCOhpT4thaUTPbBvFKYibgpNnCy.jpg
Captain America: Civil War,https://image.tmdb.org/t/p/original/rAGiXaUfPzY7CDEyNKUofk3Kw2e.jpg
Joker,https://image.tmdb.org/t/p/original/udDclJoHjfjb8Ekgsd4FDteOkCU.jpg
Jack Reacher,https://image.tmdb.org/t/p/original/zlyhKMi2aLk25nOHnNm43MpZMtQ.jpg
The Invisible Thread,https://image.tmdb.org/t/p/original/qQwEDjypPHSVGvseGkkbedOraEI.jpg
SAS: Red Notice,https://image.tmdb.org/t/p/original/6Y9fl8tD1xtyUrOHV2MkCYTpzgi.jpg
Mulan,https://image.tmdb.org/t/p/original/aKx1ARwG55zZ0GpRvU2WrGrCG9o.jpg
I Want You Back,https://image.tmdb.org/t/p/original/mljQydSPAmyshvq1WHKveNfDLeC.jpg
Pirates of the Caribbean: Dead Man's Chest,https://image.tmdb.org/t/p/original/uXEqmloGyP7UXAiphJUu2v2pcuE.jpg
Ninja Assassin,https://image.tmdb.org/t/p/original/x9UdRFI4o0tlAIWAxwbXQLnGa7R.jpg
The Wolf of Wall Street,https://image.tmdb.org/t/p/original/pWHf4khOloNVfCxscsXFj3jj6gP.jpg
Hilda and the Mountain King,https://image.tmdb.org/t/p/original/3vm7LOe7DhkiA7umBhslQy9MdkY.jpg
Rurouni Kenshin: The Beginning,https://image.tmdb.org/t/p/original/rODS466qSdrwMlGdbUwPENhDN2c.jpg
Minnal Murali,https://image.tmdb.org/t/p/original/efetKFDyptrRpoHBb103Tg3Auw5.jpg
Pokémon: Mewtwo Strikes Back - Evolution,https://image.tmdb.org/t/p/original/xlO50h3EX1w99KGztTzsjQBwPfs.jpg
Fate/Grand Order Final Singularity – Grand Temple of Time: Solomon,https://image.tmdb.org/t/p/original/1kRgPGHmqSpKdx1dzCjzG6QoYHb.jpg
Teenage Mutant Ninja Turtles,https://image.tmdb.org/t/p/original/azL2ThbJMIkts3ZMt3j1YgBUeDB.jpg
Fifty Shades of Grey,https://image.tmdb.org/t/p/original/63kGofUkt1Mx0SIL4XI4Z5AoSgt.jpg
Never Back Down: Revolt,https://image.tmdb.org/t/p/original/icAG01wZyy1ZpS3UEnPReph3jMV.jpg
Wish Dragon,https://image.tmdb.org/t/p/original/lnPf6hzANL6pVQTxUlsNYSuhT5l.jpg
Ice Age,https://image.tmdb.org/t/p/original/gLhHHZUzeseRXShoDyC4VqLgsNv.jpg
Fast & Furious Presents: Hobbs & Shaw,https://image.tmdb.org/t/p/original/qRyy2UmjC5ur9bDi3kpNNRCc5nc.jpg
Toy Story 2,https://image.tmdb.org/t/p/original/xVhEI1WCgNCCa5I86AqiwuZoog3.jpg
Sweet Girl,https://image.tmdb.org/t/p/original/cP7odDzzFBD9ycxj2laTeFWGLjD.jpg
The Stronghold,https://image.tmdb.org/t/p/original/nLanxl7Xhfbd5s8FxPy8jWZw4rv.jpg
Spirit Untamed,https://image.tmdb.org/t/p/original/q4WaFHk9Vp1poc88X1szwFRtYc5.jpg
Tom Clancy's Without Remorse,https://image.tmdb.org/t/p/original/6GCOpT8QcNzup09TAMmvvk22LTR.jpg
Harry Potter and the Deathly Hallows: Part 1,https://image.tmdb.org/t/p/original/iGoXIpQb7Pot00EEdwpwPajheZ5.jpg
Injustice,https://image.tmdb.org/t/p/original/rzrSeqqpm1BwJ3tcTznztBtLLSD.jpg
Nobody Sleeps in the Woods Tonight 2,https://image.tmdb.org/t/p/original/6QvepemlDGIiiYsVs0Y1ieFuG7N.jpg
American Badger,https://image.tmdb.org/t/p/original/xoNWf2GnEF87a8SbpB1NvhX2zr0.jpg
Evangelion: 3.0+1.0 Thrice Upon a Time,https://image.tmdb.org/t/p/original/md5wZRRj8biHrGtyitgBZo7674t.jpg
LOL Surprise: The Movie,https://image.tmdb.org/t/p/original/vbc8H3SR3BM6TZkJw6UBN4ekdjK.jpg
Coraline,https://image.tmdb.org/t/p/original/gPMh5rsVrDDAYMDbTcz6Up1DQ4z.jpg
How I Became a Superhero,https://image.tmdb.org/t/p/original/d0wn9YtEnmbucx8ZUsT918ctoiK.jpg
The Bad Guys,https://image.tmdb.org/t/p/original/qT2LvVFPB8Y7O0ER5LcBcNDm07E.jpg
Venom,https://image.tmdb.org/t/p/original/2uNW4WbgBXL25BAbXGLnLqX71Sw.jpg
The Last Mercenary,https://image.tmdb.org/t/p/original/ttpKJ7XQxDZV252KNEHXtykYT41.jpg
Cars 2,https://image.tmdb.org/t/p/original/okIz1HyxeVOMzYwwHUjH2pHi74I.jpg
Downfall: The Case Against Boeing,https://image.tmdb.org/t/p/original/LRPi6b6gpDyKuveut38S8R38NI.jpg
Ratatouille,https://image.tmdb.org/t/p/original/npHNjldbeTHdKKw28bJKs7lzqzj.jpg
Mickey and Minnie Wish Upon a Christmas,https://image.tmdb.org/t/p/original/viZ3SvvQi7CRHJxnSKAG2lHU4AK.jpg
Dragon Ball Z: Broly – The Legendary Super Saiyan,https://image.tmdb.org/t/p/original/6iO8TJCyLI4BiPYOvdwzPV2bhoV.jpg
Doctor Strange in the Multiverse of Madness,https://image.tmdb.org/t/p/original/wRnbWt44nKjsFPrqSmwYki5vZtF.jpg
Death on the Nile,https://image.tmdb.org/t/p/original/oT4vRVzulbN72602tTPFCwotl7a.jpg
Army of the Dead,https://image.tmdb.org/t/p/original/z8CExJekGrEThbpMXAmCFvvgoJR.jpg
Home Sweet Home Alone,https://image.tmdb.org/t/p/original/fP3VvqUjEBjawxZHL4sYCq2ZdJD.jpg
Carriers,https://image.tmdb.org/t/p/original/jxjnjHtHXgvjdhkwpelE9ZwVMg6.jpg
Boyka: Undisputed IV,https://image.tmdb.org/t/p/original/7QGdIJWWTkPhVjpQ0zA6z69khod.jpg
2012,https://image.tmdb.org/t/p/original/8i1xFqcItT6GKEbY6VDbFnxe7sJ.jpg
Why Women Cheat,https://image.tmdb.org/t/p/original/xHJhH0pGTFLsECDry3G170M8fsG.jpg
Sing,https://image.tmdb.org/t/p/original/zZTlF2eVVUkbdmccd3bNUU9T9sD.jpg
Green Lantern,https://image.tmdb.org/t/p/original/fj21HwUprqjjwTdkKC1XZurRSpV.jpg
Peninsula,https://image.tmdb.org/t/p/original/eeqvAzCccAZOhU3RfbvHB3s44S6.jpg
Ted 2,https://image.tmdb.org/t/p/original/qMOt0uy1x49OBW0jzodgRM9waW0.jpg
Wonder Woman,https://image.tmdb.org/t/p/original/imekS7f1OuHyUP2LAiTEM0zBzUz.jpg
A Day to Die,https://image.tmdb.org/t/p/original/8Kce1utfytAG5m1PbtVoDzmDZJH.jpg
Cosmic Sin,https://image.tmdb.org/t/p/original/6Wm7P6y22UZA40QuPYHyWyJ6leI.jpg
